[{"pk": 1, "model": "dluhy.ministr", "fields": {"url": "http://cs.wikipedia.org/wiki/V%C3%A1clav_Klaus", "jmeno": "V\u00e1clav Klaus", "slug": "vaclav-klaus"}}, {"pk": 2, "model": "dluhy.ministr", "fields": {"url": "http://cs.wikipedia.org/wiki/Jan_Kalvoda", "jmeno": "Jan Kalvoda", "slug": "jan-kalvoda"}}, {"pk": 3, "model": "dluhy.ministr", "fields": {"url": "http://cs.wikipedia.org/wiki/Ivan_Ko%C4%8D%C3%A1rn%C3%ADk", "jmeno": "Ivan Ko\u010d\u00e1rn\u00edk", "slug": "ivan-kocarnik"}}, {"pk": 4, "model": "dluhy.ministr", "fields": {"url": "http://cs.wikipedia.org/wiki/Josef_Lux", "jmeno": "Josef Lux", "slug": "josef-lux"}}, {"pk": 5, "model": "dluhy.ministr", "fields": {"url": "http://cs.wikipedia.org/wiki/Anton%C3%ADn_Baudy%C5%A1", "jmeno": "Anton\u00edn Baudy\u0161", "slug": "antonin-baudys"}}, {"pk": 6, "model": "dluhy.ministr", "fields": {"url": "http://cs.wikipedia.org/wiki/Stanislav_B%C4%9Blehr%C3%A1dek", "jmeno": "Stanislav B\u011blehr\u00e1dek", "slug": "stanislav-belehradek"}}, {"pk": 7, "model": "dluhy.ministr", "fields": {"url": "http://cs.wikipedia.org/wiki/Franti%C5%A1ek_Benda_(ministr)", "jmeno": "Franti\u0161ek Benda", "slug": "frantisek-benda"}}, {"pk": 8, "model": "dluhy.ministr", "fields": {"url": "http://cs.wikipedia.org/wiki/Vladim%C3%ADr_Bud%C3%ADnsk%C3%BD", "jmeno": "Vladim\u00edr Bud\u00ednsk\u00fd", "slug": "vladimir-budinsky"}}, {"pk": 9, "model": "dluhy.ministr", "fields": {"url": "http://cs.wikipedia.org/wiki/Vladim%C3%ADr_Dlouh%C3%BD_(politik)", "jmeno": "Vladim\u00edr Dlouh\u00fd", "slug": "vladimir-dlouhy"}}, {"pk": 10, "model": "dluhy.ministr", "fields": {"url": "http://cs.wikipedia.org/wiki/Karel_Dyba", "jmeno": "Karel Dyba", "slug": "karel-dyba"}}, {"pk": 11, "model": "dluhy.ministr", "fields": {"url": "http://cs.wikipedia.org/wiki/Vil%C3%A9m_Hol%C3%A1%C5%88", "jmeno": "Vil\u00e9m Hol\u00e1\u0148", "slug": "vilem-holan"}}, {"pk": 12, "model": "dluhy.ministr", "fields": {"url": "http://cs.wikipedia.org/wiki/Jind%C5%99ich_Kab%C3%A1t", "jmeno": "Jind\u0159ich Kab\u00e1t", "slug": "jindrich-kabat"}}, {"pk": 13, "model": "dluhy.ministr", "fields": {"url": "http://cs.wikipedia.org/wiki/Petr_Lom", "jmeno": "Petr Lom", "slug": "petr-lom"}}, {"pk": 14, "model": "dluhy.ministr", "fields": {"url": "http://cs.wikipedia.org/wiki/Igor_N%C4%9Bmec", "jmeno": "Igor N\u011bmec", "slug": "igor-nemec"}}, {"pk": 15, "model": "dluhy.ministr", "fields": {"url": "http://cs.wikipedia.org/wiki/Ji%C5%99%C3%AD_Nov%C3%A1k_(politik)", "jmeno": "Ji\u0159\u00ed Nov\u00e1k", "slug": "jiri-novak"}}, {"pk": 16, "model": "dluhy.ministr", "fields": {"url": "http://cs.wikipedia.org/wiki/Ivan_Pilip", "jmeno": "Ivan Pilip", "slug": "ivan-pilip"}}, {"pk": 17, "model": "dluhy.ministr", "fields": {"url": "http://cs.wikipedia.org/wiki/Petr_Pi%C5%A5ha", "jmeno": "Petr Pi\u0165ha", "slug": "petr-pitha"}}, {"pk": 18, "model": "dluhy.ministr", "fields": {"url": "http://cs.wikipedia.org/wiki/Lud%C4%9Bk_Rub%C3%A1%C5%A1", "jmeno": "Lud\u011bk Rub\u00e1\u0161", "slug": "ludek-rubas"}}, {"pk": 19, "model": "dluhy.ministr", "fields": {"url": "http://cs.wikipedia.org/wiki/Jan_Ruml", "jmeno": "Jan Ruml", "slug": "jan-ruml"}}, {"pk": 20, "model": "dluhy.ministr", "fields": {"url": "http://cs.wikipedia.org/wiki/Ji%C5%99%C3%AD_Skalick%C3%BD", "jmeno": "Ji\u0159\u00ed Skalick\u00fd", "slug": "jiri-skalicky"}}, {"pk": 21, "model": "dluhy.ministr", "fields": {"url": "http://cs.wikipedia.org/wiki/Jan_Str%C3%A1sk%C3%BD", "jmeno": "Jan Str\u00e1sk\u00fd", "slug": "jan-strasky"}}, {"pk": 22, "model": "dluhy.ministr", "fields": {"url": "http://cs.wikipedia.org/wiki/Pavel_Tigrid", "jmeno": "Pavel Tigrid", "slug": "pavel-tigrid"}}, {"pk": 23, "model": "dluhy.ministr", "fields": {"url": "http://cs.wikipedia.org/wiki/Jind%C5%99ich_Vodi%C4%8Dka", "jmeno": "Jind\u0159ich Vodi\u010dka", "slug": "jindrich-vodicka"}}, {"pk": 24, "model": "dluhy.ministr", "fields": {"url": "http://cs.wikipedia.org/wiki/Josef_Zieleniec", "jmeno": "Josef Zieleniec", "slug": "josef-zieleniec"}}, {"pk": 25, "model": "dluhy.ministr", "fields": {"url": "http://cs.wikipedia.org/wiki/Jaroslav_%C5%A0ediv%C3%BD", "jmeno": "Jaroslav \u0160ediv\u00fd", "slug": "jaroslav-sedivy"}}, {"pk": 26, "model": "dluhy.ministr", "fields": {"url": "http://cs.wikipedia.org/wiki/Karel_K%C3%BChnl", "jmeno": "Karel K\u00fchnl", "slug": "karel-kuhnl"}}, {"pk": 27, "model": "dluhy.ministr", "fields": {"url": "http://cs.wikipedia.org/wiki/Vlasta_Parkanov%C3%A1", "jmeno": "Vlasta Parkanov\u00e1", "slug": "vlasta-parkanova"}}, {"pk": 28, "model": "dluhy.ministr", "fields": {"url": "http://cs.wikipedia.org/wiki/Ji%C5%99%C3%AD_Gru%C5%A1a", "jmeno": "Ji\u0159\u00ed Gru\u0161a", "slug": "jiri-grusa"}}, {"pk": 29, "model": "dluhy.ministr", "fields": {"url": "http://cs.wikipedia.org/wiki/Stanislav_Vol%C3%A1k", "jmeno": "Stanislav Vol\u00e1k", "slug": "stanislav-volak"}}, {"pk": 30, "model": "dluhy.ministr", "fields": {"url": "http://cs.wikipedia.org/wiki/Martin_%C5%98%C3%ADman", "jmeno": "Martin \u0158\u00edman", "slug": "martin-riman"}}, {"pk": 31, "model": "dluhy.ministr", "fields": {"url": "http://cs.wikipedia.org/wiki/Jarom%C3%ADr_Schneider", "jmeno": "Jarom\u00edr Schneider", "slug": "jaromir-schneider"}}, {"pk": 32, "model": "dluhy.ministr", "fields": {"url": "http://cs.wikipedia.org/wiki/Tom%C3%A1%C5%A1_Kvapil", "jmeno": "Tom\u00e1\u0161 Kvapil", "slug": "tomas-kvapil"}}, {"pk": 33, "model": "dluhy.ministr", "fields": {"url": "http://cs.wikipedia.org/wiki/Jarom%C3%ADr_Tal%C3%AD%C5%99", "jmeno": "Jarom\u00edr Tal\u00ed\u0159", "slug": "jaromir-talir"}}, {"pk": 34, "model": "dluhy.ministr", "fields": {"url": "http://cs.wikipedia.org/wiki/Miloslav_V%C3%BDborn%C3%BD", "jmeno": "Miloslav V\u00fdborn\u00fd", "slug": "miloslav-vyborny"}}, {"pk": 35, "model": "dluhy.ministr", "fields": {"url": "http://cs.wikipedia.org/wiki/Pavel_Bratinka", "jmeno": "Pavel Bratinka", "slug": "pavel-bratinka"}}, {"pk": 1993, "model": "dluhy.rozpocet", "fields": {"vydaje": 356919, "prijmy": 358000}}, {"pk": 1994, "model": "dluhy.rozpocet", "fields": {"vydaje": 380059, "prijmy": 390508}}, {"pk": 1995, "model": "dluhy.rozpocet", "fields": {"vydaje": 432738, "prijmy": 439968}}, {"pk": 1996, "model": "dluhy.rozpocet", "fields": {"vydaje": 484379, "prijmy": 482817}}, {"pk": 1997, "model": "dluhy.rozpocet", "fields": {"vydaje": 524668, "prijmy": 508950}}, {"pk": 1998, "model": "dluhy.rozpocet", "fields": {"vydaje": 566741, "prijmy": 537411}}, {"pk": 1999, "model": "dluhy.rozpocet", "fields": {"vydaje": 596909, "prijmy": 567275}}, {"pk": 2000, "model": "dluhy.rozpocet", "fields": {"vydaje": 632268, "prijmy": 586208}}, {"pk": 2001, "model": "dluhy.rozpocet", "fields": {"vydaje": 693920, "prijmy": 626215}}, {"pk": 2002, "model": "dluhy.rozpocet", "fields": {"vydaje": 750683, "prijmy": 704967}}, {"pk": 2003, "model": "dluhy.rozpocet", "fields": {"vydaje": 808718, "prijmy": 699665}}, {"pk": 2004, "model": "dluhy.rozpocet", "fields": {"vydaje": 862892, "prijmy": 769207}}, {"pk": 2005, "model": "dluhy.rozpocet", "fields": {"vydaje": 922798, "prijmy": 866460}}, {"pk": 2006, "model": "dluhy.rozpocet", "fields": {"vydaje": 1020640, "prijmy": 923060}}, {"pk": 2007, "model": "dluhy.rozpocet", "fields": {"vydaje": 1092274, "prijmy": 1025882}}, {"pk": 2008, "model": "dluhy.rozpocet", "fields": {"vydaje": 1083943, "prijmy": 1063941}}, {"pk": 2009, "model": "dluhy.rozpocet", "fields": {"vydaje": 1167009, "prijmy": 974614}}, {"pk": 1, "model": "dluhy.vlada", "fields": {"ministr": 1, "rozpocet": 1993}}, {"pk": 2, "model": "dluhy.vlada", "fields": {"ministr": 1, "rozpocet": 1994}}, {"pk": 3, "model": "dluhy.vlada", "fields": {"ministr": 1, "rozpocet": 1995}}, {"pk": 4, "model": "dluhy.vlada", "fields": {"ministr": 2, "rozpocet": 1993}}, {"pk": 5, "model": "dluhy.vlada", "fields": {"ministr": 2, "rozpocet": 1994}}, {"pk": 6, "model": "dluhy.vlada", "fields": {"ministr": 2, "rozpocet": 1995}}, {"pk": 7, "model": "dluhy.vlada", "fields": {"ministr": 3, "rozpocet": 1993}}, {"pk": 8, "model": "dluhy.vlada", "fields": {"ministr": 3, "rozpocet": 1994}}, {"pk": 9, "model": "dluhy.vlada", "fields": {"ministr": 3, "rozpocet": 1995}}, {"pk": 10, "model": "dluhy.vlada", "fields": {"ministr": 4, "rozpocet": 1993}}, {"pk": 11, "model": "dluhy.vlada", "fields": {"ministr": 4, "rozpocet": 1994}}, {"pk": 12, "model": "dluhy.vlada", "fields": {"ministr": 4, "rozpocet": 1995}}, {"pk": 13, "model": "dluhy.vlada", "fields": {"ministr": 5, "rozpocet": 1993}}, {"pk": 14, "model": "dluhy.vlada", "fields": {"ministr": 6, "rozpocet": 1993}}, {"pk": 15, "model": "dluhy.vlada", "fields": {"ministr": 6, "rozpocet": 1994}}, {"pk": 16, "model": "dluhy.vlada", "fields": {"ministr": 6, "rozpocet": 1995}}, {"pk": 17, "model": "dluhy.vlada", "fields": {"ministr": 7, "rozpocet": 1993}}, {"pk": 18, "model": "dluhy.vlada", "fields": {"ministr": 7, "rozpocet": 1994}}, {"pk": 19, "model": "dluhy.vlada", "fields": {"ministr": 7, "rozpocet": 1995}}, {"pk": 20, "model": "dluhy.vlada", "fields": {"ministr": 8, "rozpocet": 1995}}, {"pk": 21, "model": "dluhy.vlada", "fields": {"ministr": 9, "rozpocet": 1993}}, {"pk": 22, "model": "dluhy.vlada", "fields": {"ministr": 9, "rozpocet": 1994}}, {"pk": 23, "model": "dluhy.vlada", "fields": {"ministr": 9, "rozpocet": 1995}}, {"pk": 24, "model": "dluhy.vlada", "fields": {"ministr": 10, "rozpocet": 1993}}, {"pk": 25, "model": "dluhy.vlada", "fields": {"ministr": 10, "rozpocet": 1994}}, {"pk": 26, "model": "dluhy.vlada", "fields": {"ministr": 10, "rozpocet": 1995}}, {"pk": 27, "model": "dluhy.vlada", "fields": {"ministr": 11, "rozpocet": 1994}}, {"pk": 28, "model": "dluhy.vlada", "fields": {"ministr": 11, "rozpocet": 1995}}, {"pk": 29, "model": "dluhy.vlada", "fields": {"ministr": 12, "rozpocet": 1993}}, {"pk": 30, "model": "dluhy.vlada", "fields": {"ministr": 14, "rozpocet": 1993}}, {"pk": 31, "model": "dluhy.vlada", "fields": {"ministr": 14, "rozpocet": 1994}}, {"pk": 32, "model": "dluhy.vlada", "fields": {"ministr": 14, "rozpocet": 1995}}, {"pk": 33, "model": "dluhy.vlada", "fields": {"ministr": 15, "rozpocet": 1993}}, {"pk": 34, "model": "dluhy.vlada", "fields": {"ministr": 15, "rozpocet": 1994}}, {"pk": 35, "model": "dluhy.vlada", "fields": {"ministr": 15, "rozpocet": 1995}}, {"pk": 36, "model": "dluhy.vlada", "fields": {"ministr": 16, "rozpocet": 1994}}, {"pk": 37, "model": "dluhy.vlada", "fields": {"ministr": 16, "rozpocet": 1995}}, {"pk": 38, "model": "dluhy.vlada", "fields": {"ministr": 17, "rozpocet": 1993}}, {"pk": 39, "model": "dluhy.vlada", "fields": {"ministr": 18, "rozpocet": 1994}}, {"pk": 40, "model": "dluhy.vlada", "fields": {"ministr": 18, "rozpocet": 1995}}, {"pk": 41, "model": "dluhy.vlada", "fields": {"ministr": 13, "rozpocet": 1993}}, {"pk": 42, "model": "dluhy.vlada", "fields": {"ministr": 19, "rozpocet": 1993}}, {"pk": 43, "model": "dluhy.vlada", "fields": {"ministr": 19, "rozpocet": 1994}}, {"pk": 44, "model": "dluhy.vlada", "fields": {"ministr": 19, "rozpocet": 1995}}, {"pk": 45, "model": "dluhy.vlada", "fields": {"ministr": 20, "rozpocet": 1993}}, {"pk": 46, "model": "dluhy.vlada", "fields": {"ministr": 20, "rozpocet": 1994}}, {"pk": 47, "model": "dluhy.vlada", "fields": {"ministr": 20, "rozpocet": 1995}}, {"pk": 48, "model": "dluhy.vlada", "fields": {"ministr": 21, "rozpocet": 1995}}, {"pk": 49, "model": "dluhy.vlada", "fields": {"ministr": 22, "rozpocet": 1995}}, {"pk": 50, "model": "dluhy.vlada", "fields": {"ministr": 23, "rozpocet": 1993}}, {"pk": 51, "model": "dluhy.vlada", "fields": {"ministr": 23, "rozpocet": 1994}}, {"pk": 52, "model": "dluhy.vlada", "fields": {"ministr": 23, "rozpocet": 1995}}, {"pk": 53, "model": "dluhy.vlada", "fields": {"ministr": 24, "rozpocet": 1993}}, {"pk": 54, "model": "dluhy.vlada", "fields": {"ministr": 24, "rozpocet": 1994}}, {"pk": 55, "model": "dluhy.vlada", "fields": {"ministr": 24, "rozpocet": 1995}}, {"pk": 56, "model": "dluhy.vlada", "fields": {"ministr": 1, "rozpocet": 1996}}, {"pk": 57, "model": "dluhy.vlada", "fields": {"ministr": 1, "rozpocet": 1997}}, {"pk": 58, "model": "dluhy.vlada", "fields": {"ministr": 1, "rozpocet": 1998}}]
