[{"pk": 1, "model": "dluhy.strana", "fields": {"url": "http://www.cssd.cz/", "wikipedia": null, "jmeno": "\u010cSSD", "slug": "cssd"}},
 {"pk": 2, "model": "dluhy.strana", "fields": {"url": "http://www.ods.cz/", "wikipedia": null, "jmeno": "ODS", "slug": "ods"}},
 {"pk": 3, "model": "dluhy.strana", "fields": {"url": "http://www.top09.cz/", "wikipedia": null, "jmeno": "TOP 09", "slug": "top-09"}},
 {"pk": 4, "model": "dluhy.strana", "fields": {"url": "http://www.kdu.cz/", "wikipedia": null, "jmeno": "KDU-\u010cSL", "slug": "kdu-csl"}},
 {"pk": 5, "model": "dluhy.strana", "fields": {"url": "http://www.zeleni.cz/", "wikipedia": null, "jmeno": "Strana Zelen\u00fdch", "slug": "strana-zelenych"}},
 {"pk": 6, "model": "dluhy.strana", "fields": {"url": "http://www.unie.cz/", "wikipedia": null, "jmeno": "Unie svobody", "slug": "unie-svobody"}},
 {"pk": 7, "model": "dluhy.strana", "fields": {"url": "", "wikipedia": "", "jmeno": "Nestran\u00edk", "slug": "nestranik"}},
 {"pk": 8, "model": "dluhy.strana", "fields": {"url": "", "wikipedia": "http://cs.wikipedia.org/wiki/ODA", "jmeno": "ODA", "slug": "oda"}},
 {"pk": 9, "model": "dluhy.strana", "fields": {"url": "http://www.spoz.cz/", "wikipedia": "", "jmeno": "SPOZ", "slug": "spoz"}},
 {"pk": 1, "model": "dluhy.ministr", "fields": {"url": "http://www.klaus.cz/", "wikipedia": "http://cs.wikipedia.org/wiki/V%C3%A1clav_Klaus", "strana": 2, "jmeno": "V\u00e1clav Klaus", "slug": "vaclav-klaus"}},
 {"pk": 2, "model": "dluhy.ministr", "fields": {"url": null, "wikipedia": "http://cs.wikipedia.org/wiki/Jan_Kalvoda", "strana": 8, "jmeno": "Jan Kalvoda", "slug": "jan-kalvoda"}},
 {"pk": 3, "model": "dluhy.ministr", "fields": {"url": null, "wikipedia": "http://cs.wikipedia.org/wiki/Ivan_Ko%C4%8D%C3%A1rn%C3%ADk", "strana": 2, "jmeno": "Ivan Ko\u010d\u00e1rn\u00edk", "slug": "ivan-kocarnik"}},
 {"pk": 4, "model": "dluhy.ministr", "fields": {"url": null, "wikipedia": "http://cs.wikipedia.org/wiki/Josef_Lux", "strana": 4, "jmeno": "Josef Lux", "slug": "josef-lux"}},
 {"pk": 5, "model": "dluhy.ministr", "fields": {"url": null, "wikipedia": "http://cs.wikipedia.org/wiki/Anton%C3%ADn_Baudy%C5%A1", "strana": 4, "jmeno": "Anton\u00edn Baudy\u0161", "slug": "antonin-baudys"}},
 {"pk": 6, "model": "dluhy.ministr", "fields": {"url": null, "wikipedia": "http://cs.wikipedia.org/wiki/Stanislav_B%C4%9Blehr%C3%A1dek", "strana": 4, "jmeno": "Stanislav B\u011blehr\u00e1dek", "slug": "stanislav-belehradek"}},
 {"pk": 7, "model": "dluhy.ministr", "fields": {"url": null, "wikipedia": "http://cs.wikipedia.org/wiki/Franti%C5%A1ek_Benda_(ministr)", "strana": 2, "jmeno": "Franti\u0161ek Benda", "slug": "frantisek-benda"}},
 {"pk": 8, "model": "dluhy.ministr", "fields": {"url": null, "wikipedia": "http://cs.wikipedia.org/wiki/Vladim%C3%ADr_Bud%C3%ADnsk%C3%BD", "strana": 2, "jmeno": "Vladim\u00edr Bud\u00ednsk\u00fd", "slug": "vladimir-budinsky"}},
 {"pk": 9, "model": "dluhy.ministr", "fields": {"url": null, "wikipedia": "http://cs.wikipedia.org/wiki/Vladim%C3%ADr_Dlouh%C3%BD_(politik)", "strana": 8, "jmeno": "Vladim\u00edr Dlouh\u00fd", "slug": "vladimir-dlouhy"}},
 {"pk": 10, "model": "dluhy.ministr", "fields": {"url": null, "wikipedia": "http://cs.wikipedia.org/wiki/Karel_Dyba", "strana": 8, "jmeno": "Karel Dyba", "slug": "karel-dyba"}},
 {"pk": 11, "model": "dluhy.ministr", "fields": {"url": null, "wikipedia": "http://cs.wikipedia.org/wiki/Vil%C3%A9m_Hol%C3%A1%C5%88", "strana": 4, "jmeno": "Vil\u00e9m Hol\u00e1\u0148", "slug": "vilem-holan"}},
 {"pk": 12, "model": "dluhy.ministr", "fields": {"url": null, "wikipedia": "http://cs.wikipedia.org/wiki/Jind%C5%99ich_Kab%C3%A1t", "strana": 4, "jmeno": "Jind\u0159ich Kab\u00e1t", "slug": "jindrich-kabat"}},
 {"pk": 13, "model": "dluhy.ministr", "fields": {"url": null, "wikipedia": "http://cs.wikipedia.org/wiki/Petr_Lom", "strana": 2, "jmeno": "Petr Lom", "slug": "petr-lom"}},
 {"pk": 14, "model": "dluhy.ministr", "fields": {"url": "", "wikipedia": "http://cs.wikipedia.org/wiki/Igor_N%C4%9Bmec_%28politik%29", "strana": 2, "jmeno": "Igor N\u011bmec", "slug": "igor-nemec"}},
 {"pk": 15, "model": "dluhy.ministr", "fields": {"url": null, "wikipedia": "http://cs.wikipedia.org/wiki/Ji%C5%99%C3%AD_Nov%C3%A1k_(politik)", "strana": 6, "jmeno": "Ji\u0159\u00ed Nov\u00e1k", "slug": "jiri-novak"}},
 {"pk": 16, "model": "dluhy.ministr", "fields": {"url": null, "wikipedia": "http://cs.wikipedia.org/wiki/Ivan_Pilip", "strana": 6, "jmeno": "Ivan Pilip", "slug": "ivan-pilip"}},
 {"pk": 17, "model": "dluhy.ministr", "fields": {"url": null, "wikipedia": "http://cs.wikipedia.org/wiki/Petr_Pi%C5%A5ha", "strana": 2, "jmeno": "Petr Pi\u0165ha", "slug": "petr-pitha"}},
 {"pk": 18, "model": "dluhy.ministr", "fields": {"url": null, "wikipedia": "http://cs.wikipedia.org/wiki/Lud%C4%9Bk_Rub%C3%A1%C5%A1", "strana": 2, "jmeno": "Lud\u011bk Rub\u00e1\u0161", "slug": "ludek-rubas"}},
 {"pk": 19, "model": "dluhy.ministr", "fields": {"url": "http://www.janruml.cz/", "wikipedia": "http://cs.wikipedia.org/wiki/Jan_Ruml", "strana": 6, "jmeno": "Jan Ruml", "slug": "jan-ruml"}},
 {"pk": 20, "model": "dluhy.ministr", "fields": {"url": null, "wikipedia": "http://cs.wikipedia.org/wiki/Ji%C5%99%C3%AD_Skalick%C3%BD", "strana": 8, "jmeno": "Ji\u0159\u00ed Skalick\u00fd", "slug": "jiri-skalicky"}},
 {"pk": 21, "model": "dluhy.ministr", "fields": {"url": null, "wikipedia": "http://cs.wikipedia.org/wiki/Jan_Str%C3%A1sk%C3%BD", "strana": 6, "jmeno": "Jan Str\u00e1sk\u00fd", "slug": "jan-strasky"}},
 {"pk": 22, "model": "dluhy.ministr", "fields": {"url": null, "wikipedia": "http://cs.wikipedia.org/wiki/Pavel_Tigrid", "strana": 4, "jmeno": "Pavel Tigrid", "slug": "pavel-tigrid"}},
 {"pk": 23, "model": "dluhy.ministr", "fields": {"url": null, "wikipedia": "http://cs.wikipedia.org/wiki/Jind%C5%99ich_Vodi%C4%8Dka", "strana": 2, "jmeno": "Jind\u0159ich Vodi\u010dka", "slug": "jindrich-vodicka"}},
 {"pk": 24, "model": "dluhy.ministr", "fields": {"url": "http://www.zieleniec.eu/", "wikipedia": "http://cs.wikipedia.org/wiki/Josef_Zieleniec", "strana": 2, "jmeno": "Josef Zieleniec", "slug": "josef-zieleniec"}},
 {"pk": 25, "model": "dluhy.ministr", "fields": {"url": null, "wikipedia": "http://cs.wikipedia.org/wiki/Jaroslav_%C5%A0ediv%C3%BD", "strana": 7, "jmeno": "Jaroslav \u0160ediv\u00fd", "slug": "jaroslav-sedivy"}},
 {"pk": 26, "model": "dluhy.ministr", "fields": {"url": null, "wikipedia": "http://cs.wikipedia.org/wiki/Karel_K%C3%BChnl", "strana": 6, "jmeno": "Karel K\u00fchnl", "slug": "karel-kuhnl"}},
 {"pk": 27, "model": "dluhy.ministr", "fields": {"url": "http://www.parkanova.cz/", "wikipedia": "http://cs.wikipedia.org/wiki/Vlasta_Parkanov%C3%A1", "strana": 3, "jmeno": "Vlasta Parkanov\u00e1", "slug": "vlasta-parkanova"}},
 {"pk": 28, "model": "dluhy.ministr", "fields": {"url": null, "wikipedia": "http://cs.wikipedia.org/wiki/Ji%C5%99%C3%AD_Gru%C5%A1a", "strana": 7, "jmeno": "Ji\u0159\u00ed Gru\u0161a", "slug": "jiri-grusa"}},
 {"pk": 29, "model": "dluhy.ministr", "fields": {"url": null, "wikipedia": "http://cs.wikipedia.org/wiki/Stanislav_Vol%C3%A1k", "strana": 6, "jmeno": "Stanislav Vol\u00e1k", "slug": "stanislav-volak"}},
 {"pk": 30, "model": "dluhy.ministr", "fields": {"url": null, "wikipedia": "http://cs.wikipedia.org/wiki/Martin_%C5%98%C3%ADman", "strana": 2, "jmeno": "Martin \u0158\u00edman", "slug": "martin-riman"}},
 {"pk": 31, "model": "dluhy.ministr", "fields": {"url": null, "wikipedia": "http://cs.wikipedia.org/wiki/Jarom%C3%ADr_Schneider", "strana": 4, "jmeno": "Jarom\u00edr Schneider", "slug": "jaromir-schneider"}},
 {"pk": 32, "model": "dluhy.ministr", "fields": {"url": null, "wikipedia": "http://cs.wikipedia.org/wiki/Tom%C3%A1%C5%A1_Kvapil", "strana": 4, "jmeno": "Tom\u00e1\u0161 Kvapil", "slug": "tomas-kvapil"}},
 {"pk": 33, "model": "dluhy.ministr", "fields": {"url": null, "wikipedia": "http://cs.wikipedia.org/wiki/Jarom%C3%ADr_Tal%C3%AD%C5%99", "strana": 4, "jmeno": "Jarom\u00edr Tal\u00ed\u0159", "slug": "jaromir-talir"}},
 {"pk": 34, "model": "dluhy.ministr", "fields": {"url": null, "wikipedia": "http://cs.wikipedia.org/wiki/Miloslav_V%C3%BDborn%C3%BD", "strana": 4, "jmeno": "Miloslav V\u00fdborn\u00fd", "slug": "miloslav-vyborny"}},
 {"pk": 35, "model": "dluhy.ministr", "fields": {"url": "http://www.bratinka.cz/", "wikipedia": "http://cs.wikipedia.org/wiki/Pavel_Bratinka", "strana": 8, "jmeno": "Pavel Bratinka", "slug": "pavel-bratinka"}},
 {"pk": 37, "model": "dluhy.ministr", "fields": {"url": "http://www.martinbursik.cz/", "wikipedia": "http://cs.wikipedia.org/wiki/Martin_Burs%C3%ADk", "strana": 5, "jmeno": "Martin Burs\u00edk", "slug": "martin-bursik"}},
 {"pk": 40, "model": "dluhy.ministr", "fields": {"url": null, "wikipedia": "http://cs.wikipedia.org/wiki/Vladim%C3%ADr_Mlyn%C3%A1%C5%99", "strana": 6, "jmeno": "Vladim\u00edr Mlyn\u00e1\u0159", "slug": "vladimir-mlynar"}},
 {"pk": 45, "model": "dluhy.ministr", "fields": {"url": "http://www.cyrilsvoboda.cz/", "wikipedia": "http://cs.wikipedia.org/wiki/Cyril_Svoboda", "strana": 4, "jmeno": "Cyril Svoboda", "slug": "cyril-svoboda"}},
 {"pk": 46, "model": "dluhy.ministr", "fields": {"url": null, "wikipedia": "http://cs.wikipedia.org/wiki/Milo%C5%A1_Zeman", "strana": 9, "jmeno": "Milo\u0161 Zeman", "slug": "milos-zeman"}},
 {"pk": 47, "model": "dluhy.ministr", "fields": {"url": null, "wikipedia": "http://cs.wikipedia.org/wiki/Vladim%C3%ADr_%C5%A0pidla", "strana": 1, "jmeno": "Vladim\u00edr \u0160pidla", "slug": "vladimir-spidla"}},
 {"pk": 48, "model": "dluhy.ministr", "fields": {"url": null, "wikipedia": "http://cs.wikipedia.org/wiki/Miroslav_Gr%C3%A9gr", "strana": 9, "jmeno": "Miroslav Gr\u00e9gr", "slug": "miroslav-gregr"}},
 {"pk": 49, "model": "dluhy.ministr", "fields": {"url": null, "wikipedia": "http://cs.wikipedia.org/wiki/Jan_Kavan", "strana": 1, "jmeno": "Jan Kavan", "slug": "jan-kavan"}},
 {"pk": 50, "model": "dluhy.ministr", "fields": {"url": null, "wikipedia": "http://cs.wikipedia.org/wiki/Egon_T._L%C3%A1nsk%C3%BD", "strana": 1, "jmeno": "Egon T. L\u00e1nsk\u00fd", "slug": "egon-t-lansky"}},
 {"pk": 51, "model": "dluhy.ministr", "fields": {"url": null, "wikipedia": "http://cs.wikipedia.org/wiki/Pavel_Mertl%C3%ADk", "strana": 1, "jmeno": "Pavel Mertl\u00edk", "slug": "pavel-mertlik"}},
 {"pk": 52, "model": "dluhy.ministr", "fields": {"url": null, "wikipedia": "http://cs.wikipedia.org/wiki/Pavel_Rychetsk%C3%BD", "strana": 1, "jmeno": "Pavel Rychetsk\u00fd", "slug": "pavel-rychetsky"}},
 {"pk": 53, "model": "dluhy.ministr", "fields": {"url": null, "wikipedia": "http://cs.wikipedia.org/wiki/Jaroslav_Ba%C5%A1ta", "strana": 1, "jmeno": "Jaroslav Ba\u0161ta", "slug": "jaroslav-basta"}},
 {"pk": 54, "model": "dluhy.ministr", "fields": {"url": null, "wikipedia": "http://cs.wikipedia.org/wiki/Karel_B%C5%99ezina", "strana": 1, "jmeno": "Karel B\u0159ezina", "slug": "karel-brezina"}},
 {"pk": 55, "model": "dluhy.ministr", "fields": {"url": null, "wikipedia": "http://cs.wikipedia.org/wiki/Jaroslav_Bure%C5%A1", "strana": 1, "jmeno": "Jaroslav Bure\u0161", "slug": "jaroslav-bures"}},
 {"pk": 56, "model": "dluhy.ministr", "fields": {"url": null, "wikipedia": "http://cs.wikipedia.org/wiki/Jarom%C3%ADr_C%C3%ADsa%C5%99", "strana": 1, "jmeno": "Jarom\u00edr C\u00edsa\u0159", "slug": "jaromir-cisar"}},
 {"pk": 57, "model": "dluhy.ministr", "fields": {"url": null, "wikipedia": "http://cs.wikipedia.org/wiki/Ivan_David", "strana": 1, "jmeno": "Ivan David", "slug": "ivan-david"}},
 {"pk": 58, "model": "dluhy.ministr", "fields": {"url": null, "wikipedia": "http://cs.wikipedia.org/wiki/Pavel_Dost%C3%A1l", "strana": 1, "jmeno": "Pavel Dost\u00e1l", "slug": "pavel-dostal"}},
 {"pk": 59, "model": "dluhy.ministr", "fields": {"url": null, "wikipedia": "http://cs.wikipedia.org/wiki/Jan_Fencl", "strana": 1, "jmeno": "Jan Fencl", "slug": "jan-fencl"}},
 {"pk": 60, "model": "dluhy.ministr", "fields": {"url": null, "wikipedia": "http://cs.wikipedia.org/wiki/Bohumil_Fi%C5%A1er", "strana": 1, "jmeno": "Bohumil Fi\u0161er", "slug": "bohumil-fiser"}},
 {"pk": 61, "model": "dluhy.ministr", "fields": {"url": null, "wikipedia": "http://cs.wikipedia.org/wiki/Stanislav_Gross", "strana": 1, "jmeno": "Stanislav Gross", "slug": "stanislav-gross"}},
 {"pk": 62, "model": "dluhy.ministr", "fields": {"url": null, "wikipedia": "http://cs.wikipedia.org/wiki/V%C3%A1clav_Grulich", "strana": 1, "jmeno": "V\u00e1clav Grulich", "slug": "vaclav-grulich"}},
 {"pk": 63, "model": "dluhy.ministr", "fields": {"url": null, "wikipedia": "http://cs.wikipedia.org/wiki/Milo%C5%A1_Ku%C5%BEvart", "strana": 1, "jmeno": "Milo\u0161 Ku\u017evart", "slug": "milos-kuzvart"}},
 {"pk": 64, "model": "dluhy.ministr", "fields": {"url": null, "wikipedia": "http://cs.wikipedia.org/wiki/Petr_Lachnit", "strana": 1, "jmeno": "Petr Lachnit", "slug": "petr-lachnit"}},
 {"pk": 65, "model": "dluhy.ministr", "fields": {"url": null, "wikipedia": "http://cs.wikipedia.org/wiki/Otakar_Motejl", "strana": 1, "jmeno": "Otakar Motejl", "slug": "otakar-motejl"}},
 {"pk": 66, "model": "dluhy.ministr", "fields": {"url": null, "wikipedia": "http://cs.wikipedia.org/wiki/Anton%C3%ADn_Peltr%C3%A1m", "strana": 1, "jmeno": "Anton\u00edn Peltr\u00e1m", "slug": "antonin-peltram"}},
 {"pk": 67, "model": "dluhy.ministr", "fields": {"url": null, "wikipedia": "http://cs.wikipedia.org/wiki/Ji%C5%99%C3%AD_Rusnok", "strana": 1, "jmeno": "Ji\u0159\u00ed Rusnok", "slug": "jiri-rusnok"}},
 {"pk": 68, "model": "dluhy.ministr", "fields": {"url": null, "wikipedia": "http://cs.wikipedia.org/wiki/Jarom%C3%ADr_Schling", "strana": 1, "jmeno": "Jarom\u00edr Schling", "slug": "jaromir-schling"}},
 {"pk": 69, "model": "dluhy.ministr", "fields": {"url": null, "wikipedia": "http://cs.wikipedia.org/wiki/Ivo_Svoboda", "strana": 1, "jmeno": "Ivo Svoboda", "slug": "ivo-svoboda"}},
 {"pk": 70, "model": "dluhy.ministr", "fields": {"url": null, "wikipedia": "http://cs.wikipedia.org/wiki/Jaroslav_Tvrd%C3%ADk", "strana": 1, "jmeno": "Jaroslav Tvrd\u00edk", "slug": "jaroslav-tvrdik"}},
 {"pk": 71, "model": "dluhy.ministr", "fields": {"url": null, "wikipedia": "http://cs.wikipedia.org/wiki/Vladim%C3%ADr_Vetch%C3%BD", "strana": 1, "jmeno": "Vladim\u00edr Vetch\u00fd", "slug": "vladimir-vetchy"}},
 {"pk": 72, "model": "dluhy.ministr", "fields": {"url": null, "wikipedia": "http://cs.wikipedia.org/wiki/Eduard_Zeman", "strana": 1, "jmeno": "Eduard Zeman", "slug": "eduard-zeman"}},
 {"pk": 73, "model": "dluhy.ministr", "fields": {"url": null, "wikipedia": "http://cs.wikipedia.org/wiki/Petr_Mare%C5%A1", "strana": 6, "jmeno": "Petr Mare\u0161", "slug": "petr-mares"}},
 {"pk": 74, "model": "dluhy.ministr", "fields": {"url": "http://www.bohuslavsobotka.cz/", "wikipedia": "http://cs.wikipedia.org/wiki/Bohuslav_Sobotka", "strana": 1, "jmeno": "Bohuslav Sobotka", "slug": "bohuslav-sobotka"}},
 {"pk": 75, "model": "dluhy.ministr", "fields": {"url": null, "wikipedia": "http://cs.wikipedia.org/wiki/Miroslav_Kostelka", "strana": 1, "jmeno": "Miroslav Kostelka", "slug": "miroslav-kostelka"}},
 {"pk": 76, "model": "dluhy.ministr", "fields": {"url": null, "wikipedia": "http://cs.wikipedia.org/wiki/Milan_Urban", "strana": 1, "jmeno": "Milan Urban", "slug": "milan-urban"}},
 {"pk": 77, "model": "dluhy.ministr", "fields": {"url": null, "wikipedia": "http://cs.wikipedia.org/wiki/Karel_%C4%8Cerm%C3%A1k", "strana": 7, "jmeno": "Karel \u010cerm\u00e1k", "slug": "karel-cermak"}},
 {"pk": 78, "model": "dluhy.ministr", "fields": {"url": "http://www.zdenek-skromach.cz/", "wikipedia": "http://cs.wikipedia.org/wiki/Zden%C4%9Bk_%C5%A0kromach", "strana": 1, "jmeno": "Zden\u011bk \u0160kromach", "slug": "zdenek-skromach"}},
 {"pk": 79, "model": "dluhy.ministr", "fields": {"url": null, "wikipedia": "http://cs.wikipedia.org/wiki/Milan_%C5%A0imonovsk%C3%BD", "strana": 4, "jmeno": "Milan \u0160imonovsk\u00fd", "slug": "milan-simonovsky"}},
 {"pk": 80, "model": "dluhy.ministr", "fields": {"url": null, "wikipedia": "http://cs.wikipedia.org/wiki/Jaroslav_Palas", "strana": 1, "jmeno": "Jaroslav Palas", "slug": "jaroslav-palas"}},
 {"pk": 81, "model": "dluhy.ministr", "fields": {"url": null, "wikipedia": "http://cs.wikipedia.org/wiki/Marie_Sou%C4%8Dkov%C3%A1", "strana": 1, "jmeno": "Marie Sou\u010dkov\u00e1", "slug": "marie-souckova"}},
 {"pk": 83, "model": "dluhy.ministr", "fields": {"url": null, "wikipedia": "http://cs.wikipedia.org/wiki/Petra_Buzkov%C3%A1", "strana": 1, "jmeno": "Petra Buzkov\u00e1", "slug": "petra-buzkova"}},
 {"pk": 84, "model": "dluhy.ministr", "fields": {"url": null, "wikipedia": "http://cs.wikipedia.org/wiki/Libor_Ambrozek", "strana": 4, "jmeno": "Libor Ambrozek", "slug": "libor-ambrozek"}},
 {"pk": 85, "model": "dluhy.ministr", "fields": {"url": null, "wikipedia": "http://cs.wikipedia.org/wiki/Pavel_N%C4%9Bmec", "strana": 6, "jmeno": "Pavel N\u011bmec", "slug": "pavel-nemec"}},
 {"pk": 86, "model": "dluhy.ministr", "fields": {"url": null, "wikipedia": "http://cs.wikipedia.org/wiki/Martin_Jahn", "strana": 1, "jmeno": "Martin Jahn", "slug": "martin-jahn"}},
 {"pk": 87, "model": "dluhy.ministr", "fields": {"url": "http://www.frantisekbublan.cz/", "wikipedia": "http://cs.wikipedia.org/wiki/Franti%C5%A1ek_Bublan", "strana": 1, "jmeno": "Franti\u0161ek Bublan", "slug": "frantisek-bublan"}},
 {"pk": 88, "model": "dluhy.ministr", "fields": {"url": "http://paroubek.cz/", "wikipedia": "http://cs.wikipedia.org/wiki/Ji%C5%99%C3%AD_Paroubek", "strana": 1, "jmeno": "Ji\u0159\u00ed Paroubek", "slug": "jiri-paroubek"}},
 {"pk": 89, "model": "dluhy.ministr", "fields": {"url": null, "wikipedia": "http://cs.wikipedia.org/wiki/Milada_Emmerov%C3%A1", "strana": 1, "jmeno": "Milada Emmerov\u00e1", "slug": "milada-emmerova"}},
 {"pk": 92, "model": "dluhy.ministr", "fields": {"url": "http://www.mladek.eu/", "wikipedia": "http://cs.wikipedia.org/wiki/Jan_Ml%C3%A1dek", "strana": 1, "jmeno": "Jan Ml\u00e1dek", "slug": "jan-mladek"}},
 {"pk": 93, "model": "dluhy.ministr", "fields": {"url": "http://www.rathdavid.cz/", "wikipedia": "http://cs.wikipedia.org/wiki/David_Rath", "strana": 1, "jmeno": "David Rath", "slug": "david-rath"}},
 {"pk": 94, "model": "dluhy.ministr", "fields": {"url": null, "wikipedia": "http://cs.wikipedia.org/wiki/V%C3%ADt%C4%9Bzslav_Jand%C3%A1k", "strana": 1, "jmeno": "V\u00edt\u011bzslav Jand\u00e1k", "slug": "vitezslav-jandak"}},
 {"pk": 95, "model": "dluhy.ministr", "fields": {"url": null, "wikipedia": "http://cs.wikipedia.org/wiki/Radko_Mart%C3%ADnek", "strana": 1, "jmeno": "Radko Mart\u00ednek", "slug": "radko-martinek"}},
 {"pk": 96, "model": "dluhy.ministr", "fields": {"url": null, "wikipedia": "http://cs.wikipedia.org/wiki/Dana_B%C3%A9rov%C3%A1", "strana": 6, "jmeno": "Dana B\u00e9rov\u00e1", "slug": "dana-berova"}},
 {"pk": 97, "model": "dluhy.ministr", "fields": {"url": null, "wikipedia": "http://cs.wikipedia.org/wiki/Pavel_Z%C3%A1%C5%99eck%C3%BD", "strana": 1, "jmeno": "Pavel Z\u00e1\u0159eck\u00fd", "slug": "pavel-zarecky"}},
 {"pk": 98, "model": "dluhy.ministr", "fields": {"url": "http://www.topolanek.cz/", "wikipedia": "http://cs.wikipedia.org/wiki/Mirek_Topol%C3%A1nek", "strana": 2, "jmeno": "Mirek Topol\u00e1nek", "slug": "mirek-topolanek"}},
 {"pk": 99, "model": "dluhy.ministr", "fields": {"url": "http://www.petr-necas.cz/", "wikipedia": "http://cs.wikipedia.org/wiki/Petr_Ne%C4%8Das", "strana": 2, "jmeno": "Petr Ne\u010das", "slug": "petr-necas"}},
 {"pk": 100, "model": "dluhy.ministr", "fields": {"url": "http://www.langer.cz/", "wikipedia": "http://cs.wikipedia.org/wiki/Ivan_Langer", "strana": 2, "jmeno": "Ivan Langer", "slug": "ivan-langer"}},
 {"pk": 101, "model": "dluhy.ministr", "fields": {"url": "http://www.alexandrvondra.cz/", "wikipedia": "http://cs.wikipedia.org/wiki/Alexandr_Vondra", "strana": 2, "jmeno": "Alexandr Vondra", "slug": "alexandr-vondra"}},
 {"pk": 102, "model": "dluhy.ministr", "fields": {"url": null, "wikipedia": "http://cs.wikipedia.org/wiki/Ji%C5%99%C3%AD_%C5%A0ediv%C3%BD_%281963%29", "strana": 2, "jmeno": "Ji\u0159\u00ed \u0160ediv\u00fd", "slug": "jiri-sedivy"}},
 {"pk": 103, "model": "dluhy.ministr", "fields": {"url": "http://www.tlusty.cz/", "wikipedia": "http://cs.wikipedia.org/wiki/Vlastimil_Tlust%C3%BD", "strana": 2, "jmeno": "Vlastimil Tlust\u00fd", "slug": "vlastimil-tlusty"}},
 {"pk": 104, "model": "dluhy.ministr", "fields": {"url": null, "wikipedia": "http://cs.wikipedia.org/wiki/Ale%C5%A1_%C5%98eb%C3%AD%C4%8Dek", "strana": 2, "jmeno": "Ale\u0161 \u0158eb\u00ed\u010dek", "slug": "ales-rebicek"}},
 {"pk": 105, "model": "dluhy.ministr", "fields": {"url": null, "wikipedia": "http://cs.wikipedia.org/wiki/Milena_Vicenov%C3%A1", "strana": 7, "jmeno": "Milena Vicenov\u00e1", "slug": "milena-vicenova"}},
 {"pk": 106, "model": "dluhy.ministr", "fields": {"url": "http://www.tomasjulinek.cz/", "wikipedia": "http://cs.wikipedia.org/wiki/Tom%C3%A1%C5%A1_Jul%C3%ADnek", "strana": 2, "jmeno": "Tom\u00e1\u0161 Jul\u00ednek", "slug": "tomas-julinek"}},
 {"pk": 107, "model": "dluhy.ministr", "fields": {"url": null, "wikipedia": "http://cs.wikipedia.org/wiki/Miroslava_Kopicov%C3%A1", "strana": 7, "jmeno": "Miroslava Kopicov\u00e1", "slug": "miroslava-kopicova"}},
 {"pk": 108, "model": "dluhy.ministr", "fields": {"url": null, "wikipedia": "http://cs.wikipedia.org/wiki/Petr_Kala%C5%A1", "strana": 7, "jmeno": "Petr Kala\u0161", "slug": "petr-kalas"}},
 {"pk": 109, "model": "dluhy.ministr", "fields": {"url": null, "wikipedia": "http://cs.wikipedia.org/wiki/Martin_%C5%A0t%C4%9Bp%C3%A1nek", "strana": 7, "jmeno": "Martin \u0160t\u011bp\u00e1nek", "slug": "martin-stepanek"}},
 {"pk": 110, "model": "dluhy.ministr", "fields": {"url": null, "wikipedia": "http://cs.wikipedia.org/wiki/Petr_Gandalovi%C4%8D", "strana": 2, "jmeno": "Petr Gandalovi\u010d", "slug": "petr-gandalovic"}},
 {"pk": 111, "model": "dluhy.ministr", "fields": {"url": null, "wikipedia": "http://cs.wikipedia.org/wiki/Ji%C5%99%C3%AD_Posp%C3%AD%C5%A1il", "strana": 2, "jmeno": "Ji\u0159\u00ed Posp\u00ed\u0161il", "slug": "jiri-pospisil"}},
 {"pk": 112, "model": "dluhy.ministr", "fields": {"url": null, "wikipedia": "http://cs.wikipedia.org/wiki/Ji%C5%99%C3%AD_%C4%8Cunek", "strana": 4, "jmeno": "Ji\u0159\u00ed \u010cunek", "slug": "jiri-cunek"}},
 {"pk": 113, "model": "dluhy.ministr", "fields": {"url": null, "wikipedia": "http://cs.wikipedia.org/wiki/Karel_Schwarzenberg", "strana": 3, "jmeno": "Karel Schwarzenberg", "slug": "karel-schwarzenberg"}},
 {"pk": 115, "model": "dluhy.ministr", "fields": {"url": null, "wikipedia": "http://cs.wikipedia.org/wiki/Miroslav_Kalousek", "strana": 3, "jmeno": "Miroslav Kalousek", "slug": "miroslav-kalousek"}},
 {"pk": 117, "model": "dluhy.ministr", "fields": {"url": null, "wikipedia": "http://cs.wikipedia.org/wiki/Ond%C5%99ej_Li%C5%A1ka", "strana": 5, "jmeno": "Ond\u0159ej Li\u0161ka", "slug": "ondrej-liska"}},
 {"pk": 119, "model": "dluhy.ministr", "fields": {"url": null, "wikipedia": "http://cs.wikipedia.org/wiki/V%C3%A1clav_Jehli%C4%8Dka", "strana": 3, "jmeno": "V\u00e1clav Jehli\u010dka", "slug": "vaclav-jehlicka"}},
 {"pk": 122, "model": "dluhy.ministr", "fields": {"url": null, "wikipedia": "http://cs.wikipedia.org/wiki/D%C5%BEamila_Stehl%C3%ADkov%C3%A1", "strana": 5, "jmeno": "D\u017eamila Stehl\u00edkov\u00e1", "slug": "dzamila-stehlikova"}},
 {"pk": 1993, "model": "dluhy.rozpocet", "fields": {"bilance": 1081, "vydaje": 356919, "prijmy": 358000}},
 {"pk": 1994, "model": "dluhy.rozpocet", "fields": {"bilance": 10449, "vydaje": 380059, "prijmy": 390508}},
 {"pk": 1995, "model": "dluhy.rozpocet", "fields": {"bilance": 7230, "vydaje": 432738, "prijmy": 439968}},
 {"pk": 1996, "model": "dluhy.rozpocet", "fields": {"bilance": -1562, "vydaje": 484379, "prijmy": 482817}},
 {"pk": 1997, "model": "dluhy.rozpocet", "fields": {"bilance": -15718, "vydaje": 524668, "prijmy": 508950}},
 {"pk": 1998, "model": "dluhy.rozpocet", "fields": {"bilance": -29330, "vydaje": 566741, "prijmy": 537411}},
 {"pk": 1999, "model": "dluhy.rozpocet", "fields": {"bilance": -29634, "vydaje": 596909, "prijmy": 567275}},
 {"pk": 2000, "model": "dluhy.rozpocet", "fields": {"bilance": -46060, "vydaje": 632268, "prijmy": 586208}},
 {"pk": 2001, "model": "dluhy.rozpocet", "fields": {"bilance": -67705, "vydaje": 693920, "prijmy": 626215}},
 {"pk": 2002, "model": "dluhy.rozpocet", "fields": {"bilance": -45716, "vydaje": 750683, "prijmy": 704967}},
 {"pk": 2003, "model": "dluhy.rozpocet", "fields": {"bilance": -109053, "vydaje": 808718, "prijmy": 699665}},
 {"pk": 2004, "model": "dluhy.rozpocet", "fields": {"bilance": -93685, "vydaje": 862892, "prijmy": 769207}},
 {"pk": 2005, "model": "dluhy.rozpocet", "fields": {"bilance": -56338, "vydaje": 922798, "prijmy": 866460}},
 {"pk": 2006, "model": "dluhy.rozpocet", "fields": {"bilance": -97580, "vydaje": 1020640, "prijmy": 923060}},
 {"pk": 2007, "model": "dluhy.rozpocet", "fields": {"bilance": -66392, "vydaje": 1092274, "prijmy": 1025882}},
 {"pk": 2008, "model": "dluhy.rozpocet", "fields": {"bilance": -20002, "vydaje": 1083943, "prijmy": 1063941}},
 {"pk": 2009, "model": "dluhy.rozpocet", "fields": {"bilance": -192395, "vydaje": 1167009, "prijmy": 974614}},
 {"pk": 1, "model": "dluhy.vlada", "fields": {"ministr": 1, "rozpocet": 1993}},
 {"pk": 2, "model": "dluhy.vlada", "fields": {"ministr": 1, "rozpocet": 1994}},
 {"pk": 3, "model": "dluhy.vlada", "fields": {"ministr": 1, "rozpocet": 1995}},
 {"pk": 4, "model": "dluhy.vlada", "fields": {"ministr": 2, "rozpocet": 1993}},
 {"pk": 5, "model": "dluhy.vlada", "fields": {"ministr": 2, "rozpocet": 1994}},
 {"pk": 6, "model": "dluhy.vlada", "fields": {"ministr": 2, "rozpocet": 1995}},
 {"pk": 7, "model": "dluhy.vlada", "fields": {"ministr": 3, "rozpocet": 1993}},
 {"pk": 8, "model": "dluhy.vlada", "fields": {"ministr": 3, "rozpocet": 1994}},
 {"pk": 9, "model": "dluhy.vlada", "fields": {"ministr": 3, "rozpocet": 1995}},
 {"pk": 10, "model": "dluhy.vlada", "fields": {"ministr": 4, "rozpocet": 1993}},
 {"pk": 11, "model": "dluhy.vlada", "fields": {"ministr": 4, "rozpocet": 1994}},
 {"pk": 12, "model": "dluhy.vlada", "fields": {"ministr": 4, "rozpocet": 1995}},
 {"pk": 13, "model": "dluhy.vlada", "fields": {"ministr": 5, "rozpocet": 1993}},
 {"pk": 14, "model": "dluhy.vlada", "fields": {"ministr": 6, "rozpocet": 1993}},
 {"pk": 15, "model": "dluhy.vlada", "fields": {"ministr": 6, "rozpocet": 1994}},
 {"pk": 16, "model": "dluhy.vlada", "fields": {"ministr": 6, "rozpocet": 1995}},
 {"pk": 17, "model": "dluhy.vlada", "fields": {"ministr": 7, "rozpocet": 1993}},
 {"pk": 18, "model": "dluhy.vlada", "fields": {"ministr": 7, "rozpocet": 1994}},
 {"pk": 19, "model": "dluhy.vlada", "fields": {"ministr": 7, "rozpocet": 1995}},
 {"pk": 20, "model": "dluhy.vlada", "fields": {"ministr": 8, "rozpocet": 1995}},
 {"pk": 21, "model": "dluhy.vlada", "fields": {"ministr": 9, "rozpocet": 1993}},
 {"pk": 22, "model": "dluhy.vlada", "fields": {"ministr": 9, "rozpocet": 1994}},
 {"pk": 23, "model": "dluhy.vlada", "fields": {"ministr": 9, "rozpocet": 1995}},
 {"pk": 24, "model": "dluhy.vlada", "fields": {"ministr": 10, "rozpocet": 1993}},
 {"pk": 25, "model": "dluhy.vlada", "fields": {"ministr": 10, "rozpocet": 1994}},
 {"pk": 26, "model": "dluhy.vlada", "fields": {"ministr": 10, "rozpocet": 1995}},
 {"pk": 27, "model": "dluhy.vlada", "fields": {"ministr": 11, "rozpocet": 1994}},
 {"pk": 28, "model": "dluhy.vlada", "fields": {"ministr": 11, "rozpocet": 1995}},
 {"pk": 29, "model": "dluhy.vlada", "fields": {"ministr": 12, "rozpocet": 1993}},
 {"pk": 30, "model": "dluhy.vlada", "fields": {"ministr": 14, "rozpocet": 1993}},
 {"pk": 31, "model": "dluhy.vlada", "fields": {"ministr": 14, "rozpocet": 1994}},
 {"pk": 32, "model": "dluhy.vlada", "fields": {"ministr": 14, "rozpocet": 1995}},
 {"pk": 33, "model": "dluhy.vlada", "fields": {"ministr": 15, "rozpocet": 1993}},
 {"pk": 34, "model": "dluhy.vlada", "fields": {"ministr": 15, "rozpocet": 1994}},
 {"pk": 35, "model": "dluhy.vlada", "fields": {"ministr": 15, "rozpocet": 1995}},
 {"pk": 36, "model": "dluhy.vlada", "fields": {"ministr": 16, "rozpocet": 1994}},
 {"pk": 37, "model": "dluhy.vlada", "fields": {"ministr": 16, "rozpocet": 1995}},
 {"pk": 38, "model": "dluhy.vlada", "fields": {"ministr": 17, "rozpocet": 1993}},
 {"pk": 39, "model": "dluhy.vlada", "fields": {"ministr": 18, "rozpocet": 1994}},
 {"pk": 40, "model": "dluhy.vlada", "fields": {"ministr": 18, "rozpocet": 1995}},
 {"pk": 41, "model": "dluhy.vlada", "fields": {"ministr": 13, "rozpocet": 1993}},
 {"pk": 42, "model": "dluhy.vlada", "fields": {"ministr": 19, "rozpocet": 1993}},
 {"pk": 43, "model": "dluhy.vlada", "fields": {"ministr": 19, "rozpocet": 1994}},
 {"pk": 44, "model": "dluhy.vlada", "fields": {"ministr": 19, "rozpocet": 1995}},
 {"pk": 45, "model": "dluhy.vlada", "fields": {"ministr": 20, "rozpocet": 1993}},
 {"pk": 46, "model": "dluhy.vlada", "fields": {"ministr": 20, "rozpocet": 1994}},
 {"pk": 47, "model": "dluhy.vlada", "fields": {"ministr": 20, "rozpocet": 1995}},
 {"pk": 48, "model": "dluhy.vlada", "fields": {"ministr": 21, "rozpocet": 1995}},
 {"pk": 49, "model": "dluhy.vlada", "fields": {"ministr": 22, "rozpocet": 1995}},
 {"pk": 50, "model": "dluhy.vlada", "fields": {"ministr": 23, "rozpocet": 1993}},
 {"pk": 51, "model": "dluhy.vlada", "fields": {"ministr": 23, "rozpocet": 1994}},
 {"pk": 52, "model": "dluhy.vlada", "fields": {"ministr": 23, "rozpocet": 1995}},
 {"pk": 53, "model": "dluhy.vlada", "fields": {"ministr": 24, "rozpocet": 1993}},
 {"pk": 54, "model": "dluhy.vlada", "fields": {"ministr": 24, "rozpocet": 1994}},
 {"pk": 55, "model": "dluhy.vlada", "fields": {"ministr": 24, "rozpocet": 1995}},
 {"pk": 56, "model": "dluhy.vlada", "fields": {"ministr": 1, "rozpocet": 1996}},
 {"pk": 57, "model": "dluhy.vlada", "fields": {"ministr": 1, "rozpocet": 1997}},
 {"pk": 58, "model": "dluhy.vlada", "fields": {"ministr": 1, "rozpocet": 1998}},
 {"pk": 59, "model": "dluhy.vlada", "fields": {"ministr": 2, "rozpocet": 1996}},
 {"pk": 60, "model": "dluhy.vlada", "fields": {"ministr": 3, "rozpocet": 1996}},
 {"pk": 61, "model": "dluhy.vlada", "fields": {"ministr": 4, "rozpocet": 1996}},
 {"pk": 62, "model": "dluhy.vlada", "fields": {"ministr": 12, "rozpocet": 1994}},
 {"pk": 63, "model": "dluhy.vlada", "fields": {"ministr": 22, "rozpocet": 1996}},
 {"pk": 64, "model": "dluhy.vlada", "fields": {"ministr": 24, "rozpocet": 1996}},
 {"pk": 65, "model": "dluhy.vlada", "fields": {"ministr": 9, "rozpocet": 1996}},
 {"pk": 66, "model": "dluhy.vlada", "fields": {"ministr": 23, "rozpocet": 1996}},
 {"pk": 67, "model": "dluhy.vlada", "fields": {"ministr": 10, "rozpocet": 1996}},
 {"pk": 68, "model": "dluhy.vlada", "fields": {"ministr": 20, "rozpocet": 1996}},
 {"pk": 69, "model": "dluhy.vlada", "fields": {"ministr": 15, "rozpocet": 1996}},
 {"pk": 70, "model": "dluhy.vlada", "fields": {"ministr": 14, "rozpocet": 1996}},
 {"pk": 71, "model": "dluhy.vlada", "fields": {"ministr": 17, "rozpocet": 1994}},
 {"pk": 72, "model": "dluhy.vlada", "fields": {"ministr": 16, "rozpocet": 1996}},
 {"pk": 73, "model": "dluhy.vlada", "fields": {"ministr": 19, "rozpocet": 1996}},
 {"pk": 74, "model": "dluhy.vlada", "fields": {"ministr": 21, "rozpocet": 1996}},
 {"pk": 75, "model": "dluhy.vlada", "fields": {"ministr": 7, "rozpocet": 1996}},
 {"pk": 76, "model": "dluhy.vlada", "fields": {"ministr": 21, "rozpocet": 1993}},
 {"pk": 77, "model": "dluhy.vlada", "fields": {"ministr": 21, "rozpocet": 1994}},
 {"pk": 78, "model": "dluhy.vlada", "fields": {"ministr": 8, "rozpocet": 1996}},
 {"pk": 79, "model": "dluhy.vlada", "fields": {"ministr": 6, "rozpocet": 1996}},
 {"pk": 80, "model": "dluhy.vlada", "fields": {"ministr": 5, "rozpocet": 1994}},
 {"pk": 81, "model": "dluhy.vlada", "fields": {"ministr": 11, "rozpocet": 1996}},
 {"pk": 82, "model": "dluhy.vlada", "fields": {"ministr": 4, "rozpocet": 1997}},
 {"pk": 83, "model": "dluhy.vlada", "fields": {"ministr": 4, "rozpocet": 1998}},
 {"pk": 84, "model": "dluhy.vlada", "fields": {"ministr": 2, "rozpocet": 1997}},
 {"pk": 85, "model": "dluhy.vlada", "fields": {"ministr": 3, "rozpocet": 1997}},
 {"pk": 86, "model": "dluhy.vlada", "fields": {"ministr": 24, "rozpocet": 1997}},
 {"pk": 87, "model": "dluhy.vlada", "fields": {"ministr": 25, "rozpocet": 1998}},
 {"pk": 88, "model": "dluhy.vlada", "fields": {"ministr": 20, "rozpocet": 1997}},
 {"pk": 89, "model": "dluhy.vlada", "fields": {"ministr": 20, "rozpocet": 1998}},
 {"pk": 90, "model": "dluhy.vlada", "fields": {"ministr": 9, "rozpocet": 1997}},
 {"pk": 91, "model": "dluhy.vlada", "fields": {"ministr": 28, "rozpocet": 1998}},
 {"pk": 92, "model": "dluhy.vlada", "fields": {"ministr": 26, "rozpocet": 1998}},
 {"pk": 93, "model": "dluhy.vlada", "fields": {"ministr": 32, "rozpocet": 1998}},
 {"pk": 94, "model": "dluhy.vlada", "fields": {"ministr": 27, "rozpocet": 1998}},
 {"pk": 95, "model": "dluhy.vlada", "fields": {"ministr": 16, "rozpocet": 1998}},
 {"pk": 96, "model": "dluhy.vlada", "fields": {"ministr": 19, "rozpocet": 1997}},
 {"pk": 97, "model": "dluhy.vlada", "fields": {"ministr": 23, "rozpocet": 1998}},
 {"pk": 98, "model": "dluhy.vlada", "fields": {"ministr": 30, "rozpocet": 1997}},
 {"pk": 99, "model": "dluhy.vlada", "fields": {"ministr": 30, "rozpocet": 1998}},
 {"pk": 100, "model": "dluhy.vlada", "fields": {"ministr": 31, "rozpocet": 1997}},
 {"pk": 101, "model": "dluhy.vlada", "fields": {"ministr": 21, "rozpocet": 1997}},
 {"pk": 102, "model": "dluhy.vlada", "fields": {"ministr": 21, "rozpocet": 1998}},
 {"pk": 103, "model": "dluhy.vlada", "fields": {"ministr": 33, "rozpocet": 1997}},
 {"pk": 104, "model": "dluhy.vlada", "fields": {"ministr": 33, "rozpocet": 1998}},
 {"pk": 105, "model": "dluhy.vlada", "fields": {"ministr": 23, "rozpocet": 1997}},
 {"pk": 106, "model": "dluhy.vlada", "fields": {"ministr": 29, "rozpocet": 1998}},
 {"pk": 107, "model": "dluhy.vlada", "fields": {"ministr": 34, "rozpocet": 1997}},
 {"pk": 108, "model": "dluhy.vlada", "fields": {"ministr": 34, "rozpocet": 1998}},
 {"pk": 109, "model": "dluhy.vlada", "fields": {"ministr": 35, "rozpocet": 1997}},
 {"pk": 110, "model": "dluhy.vlada", "fields": {"ministr": 35, "rozpocet": 1998}},
 {"pk": 111, "model": "dluhy.vlada", "fields": {"ministr": 46, "rozpocet": 1999}},
 {"pk": 112, "model": "dluhy.vlada", "fields": {"ministr": 46, "rozpocet": 2000}},
 {"pk": 113, "model": "dluhy.vlada", "fields": {"ministr": 46, "rozpocet": 2001}},
 {"pk": 114, "model": "dluhy.vlada", "fields": {"ministr": 46, "rozpocet": 2002}},
 {"pk": 115, "model": "dluhy.vlada", "fields": {"ministr": 47, "rozpocet": 1999}},
 {"pk": 116, "model": "dluhy.vlada", "fields": {"ministr": 47, "rozpocet": 2000}},
 {"pk": 117, "model": "dluhy.vlada", "fields": {"ministr": 47, "rozpocet": 2001}},
 {"pk": 118, "model": "dluhy.vlada", "fields": {"ministr": 47, "rozpocet": 2002}},
 {"pk": 119, "model": "dluhy.vlada", "fields": {"ministr": 48, "rozpocet": 1999}},
 {"pk": 120, "model": "dluhy.vlada", "fields": {"ministr": 48, "rozpocet": 2000}},
 {"pk": 121, "model": "dluhy.vlada", "fields": {"ministr": 48, "rozpocet": 2001}},
 {"pk": 122, "model": "dluhy.vlada", "fields": {"ministr": 48, "rozpocet": 2002}},
 {"pk": 123, "model": "dluhy.vlada", "fields": {"ministr": 49, "rozpocet": 1999}},
 {"pk": 124, "model": "dluhy.vlada", "fields": {"ministr": 49, "rozpocet": 2000}},
 {"pk": 125, "model": "dluhy.vlada", "fields": {"ministr": 49, "rozpocet": 2001}},
 {"pk": 126, "model": "dluhy.vlada", "fields": {"ministr": 49, "rozpocet": 2002}},
 {"pk": 127, "model": "dluhy.vlada", "fields": {"ministr": 50, "rozpocet": 1999}},
 {"pk": 128, "model": "dluhy.vlada", "fields": {"ministr": 51, "rozpocet": 1999}},
 {"pk": 129, "model": "dluhy.vlada", "fields": {"ministr": 51, "rozpocet": 2000}},
 {"pk": 130, "model": "dluhy.vlada", "fields": {"ministr": 51, "rozpocet": 2001}},
 {"pk": 131, "model": "dluhy.vlada", "fields": {"ministr": 52, "rozpocet": 1999}},
 {"pk": 132, "model": "dluhy.vlada", "fields": {"ministr": 52, "rozpocet": 2000}},
 {"pk": 133, "model": "dluhy.vlada", "fields": {"ministr": 52, "rozpocet": 2001}},
 {"pk": 134, "model": "dluhy.vlada", "fields": {"ministr": 52, "rozpocet": 2002}},
 {"pk": 135, "model": "dluhy.vlada", "fields": {"ministr": 53, "rozpocet": 1999}},
 {"pk": 136, "model": "dluhy.vlada", "fields": {"ministr": 53, "rozpocet": 2000}},
 {"pk": 137, "model": "dluhy.vlada", "fields": {"ministr": 54, "rozpocet": 2001}},
 {"pk": 138, "model": "dluhy.vlada", "fields": {"ministr": 54, "rozpocet": 2002}},
 {"pk": 139, "model": "dluhy.vlada", "fields": {"ministr": 55, "rozpocet": 2002}},
 {"pk": 140, "model": "dluhy.vlada", "fields": {"ministr": 56, "rozpocet": 1999}},
 {"pk": 141, "model": "dluhy.vlada", "fields": {"ministr": 56, "rozpocet": 2000}},
 {"pk": 142, "model": "dluhy.vlada", "fields": {"ministr": 57, "rozpocet": 1999}},
 {"pk": 143, "model": "dluhy.vlada", "fields": {"ministr": 58, "rozpocet": 1999}},
 {"pk": 144, "model": "dluhy.vlada", "fields": {"ministr": 58, "rozpocet": 2000}},
 {"pk": 145, "model": "dluhy.vlada", "fields": {"ministr": 58, "rozpocet": 2001}},
 {"pk": 146, "model": "dluhy.vlada", "fields": {"ministr": 58, "rozpocet": 2002}},
 {"pk": 147, "model": "dluhy.vlada", "fields": {"ministr": 59, "rozpocet": 1999}},
 {"pk": 148, "model": "dluhy.vlada", "fields": {"ministr": 59, "rozpocet": 2000}},
 {"pk": 149, "model": "dluhy.vlada", "fields": {"ministr": 59, "rozpocet": 2001}},
 {"pk": 150, "model": "dluhy.vlada", "fields": {"ministr": 59, "rozpocet": 2002}},
 {"pk": 151, "model": "dluhy.vlada", "fields": {"ministr": 60, "rozpocet": 2001}},
 {"pk": 152, "model": "dluhy.vlada", "fields": {"ministr": 60, "rozpocet": 2002}},
 {"pk": 153, "model": "dluhy.vlada", "fields": {"ministr": 61, "rozpocet": 2001}},
 {"pk": 154, "model": "dluhy.vlada", "fields": {"ministr": 61, "rozpocet": 2002}},
 {"pk": 155, "model": "dluhy.vlada", "fields": {"ministr": 62, "rozpocet": 1999}},
 {"pk": 156, "model": "dluhy.vlada", "fields": {"ministr": 62, "rozpocet": 2000}},
 {"pk": 157, "model": "dluhy.vlada", "fields": {"ministr": 63, "rozpocet": 1999}},
 {"pk": 158, "model": "dluhy.vlada", "fields": {"ministr": 63, "rozpocet": 2000}},
 {"pk": 159, "model": "dluhy.vlada", "fields": {"ministr": 63, "rozpocet": 2001}},
 {"pk": 160, "model": "dluhy.vlada", "fields": {"ministr": 63, "rozpocet": 2002}},
 {"pk": 161, "model": "dluhy.vlada", "fields": {"ministr": 64, "rozpocet": 2001}},
 {"pk": 162, "model": "dluhy.vlada", "fields": {"ministr": 64, "rozpocet": 2002}},
 {"pk": 163, "model": "dluhy.vlada", "fields": {"ministr": 65, "rozpocet": 1999}},
 {"pk": 164, "model": "dluhy.vlada", "fields": {"ministr": 65, "rozpocet": 2000}},
 {"pk": 165, "model": "dluhy.vlada", "fields": {"ministr": 66, "rozpocet": 1999}},
 {"pk": 166, "model": "dluhy.vlada", "fields": {"ministr": 66, "rozpocet": 2000}},
 {"pk": 167, "model": "dluhy.vlada", "fields": {"ministr": 67, "rozpocet": 2001}},
 {"pk": 168, "model": "dluhy.vlada", "fields": {"ministr": 67, "rozpocet": 2002}},
 {"pk": 169, "model": "dluhy.vlada", "fields": {"ministr": 68, "rozpocet": 2001}},
 {"pk": 170, "model": "dluhy.vlada", "fields": {"ministr": 68, "rozpocet": 2002}},
 {"pk": 171, "model": "dluhy.vlada", "fields": {"ministr": 69, "rozpocet": 1999}},
 {"pk": 172, "model": "dluhy.vlada", "fields": {"ministr": 70, "rozpocet": 2002}},
 {"pk": 173, "model": "dluhy.vlada", "fields": {"ministr": 71, "rozpocet": 1999}},
 {"pk": 174, "model": "dluhy.vlada", "fields": {"ministr": 71, "rozpocet": 2000}},
 {"pk": 175, "model": "dluhy.vlada", "fields": {"ministr": 71, "rozpocet": 2001}},
 {"pk": 176, "model": "dluhy.vlada", "fields": {"ministr": 72, "rozpocet": 1999}},
 {"pk": 177, "model": "dluhy.vlada", "fields": {"ministr": 72, "rozpocet": 2000}},
 {"pk": 178, "model": "dluhy.vlada", "fields": {"ministr": 72, "rozpocet": 2001}},
 {"pk": 179, "model": "dluhy.vlada", "fields": {"ministr": 72, "rozpocet": 2002}},
 {"pk": 180, "model": "dluhy.vlada", "fields": {"ministr": 47, "rozpocet": 2003}},
 {"pk": 181, "model": "dluhy.vlada", "fields": {"ministr": 47, "rozpocet": 2004}},
 {"pk": 182, "model": "dluhy.vlada", "fields": {"ministr": 61, "rozpocet": 2003}},
 {"pk": 183, "model": "dluhy.vlada", "fields": {"ministr": 61, "rozpocet": 2004}},
 {"pk": 184, "model": "dluhy.vlada", "fields": {"ministr": 45, "rozpocet": 2003}},
 {"pk": 185, "model": "dluhy.vlada", "fields": {"ministr": 45, "rozpocet": 2004}},
 {"pk": 186, "model": "dluhy.vlada", "fields": {"ministr": 52, "rozpocet": 2003}},
 {"pk": 187, "model": "dluhy.vlada", "fields": {"ministr": 52, "rozpocet": 2004}},
 {"pk": 188, "model": "dluhy.vlada", "fields": {"ministr": 73, "rozpocet": 2003}},
 {"pk": 189, "model": "dluhy.vlada", "fields": {"ministr": 73, "rozpocet": 2004}},
 {"pk": 190, "model": "dluhy.vlada", "fields": {"ministr": 74, "rozpocet": 2003}},
 {"pk": 191, "model": "dluhy.vlada", "fields": {"ministr": 74, "rozpocet": 2004}},
 {"pk": 192, "model": "dluhy.vlada", "fields": {"ministr": 70, "rozpocet": 2003}},
 {"pk": 193, "model": "dluhy.vlada", "fields": {"ministr": 75, "rozpocet": 2004}},
 {"pk": 194, "model": "dluhy.vlada", "fields": {"ministr": 67, "rozpocet": 2003}},
 {"pk": 195, "model": "dluhy.vlada", "fields": {"ministr": 76, "rozpocet": 2004}},
 {"pk": 196, "model": "dluhy.vlada", "fields": {"ministr": 77, "rozpocet": 2004}},
 {"pk": 197, "model": "dluhy.vlada", "fields": {"ministr": 78, "rozpocet": 2003}},
 {"pk": 198, "model": "dluhy.vlada", "fields": {"ministr": 78, "rozpocet": 2004}},
 {"pk": 199, "model": "dluhy.vlada", "fields": {"ministr": 79, "rozpocet": 2003}},
 {"pk": 200, "model": "dluhy.vlada", "fields": {"ministr": 79, "rozpocet": 2004}},
 {"pk": 201, "model": "dluhy.vlada", "fields": {"ministr": 80, "rozpocet": 2003}},
 {"pk": 202, "model": "dluhy.vlada", "fields": {"ministr": 80, "rozpocet": 2004}},
 {"pk": 203, "model": "dluhy.vlada", "fields": {"ministr": 81, "rozpocet": 2003}},
 {"pk": 204, "model": "dluhy.vlada", "fields": {"ministr": 81, "rozpocet": 2004}},
 {"pk": 205, "model": "dluhy.vlada", "fields": {"ministr": 83, "rozpocet": 2003}},
 {"pk": 206, "model": "dluhy.vlada", "fields": {"ministr": 83, "rozpocet": 2004}},
 {"pk": 207, "model": "dluhy.vlada", "fields": {"ministr": 58, "rozpocet": 2003}},
 {"pk": 208, "model": "dluhy.vlada", "fields": {"ministr": 58, "rozpocet": 2004}},
 {"pk": 209, "model": "dluhy.vlada", "fields": {"ministr": 84, "rozpocet": 2003}},
 {"pk": 210, "model": "dluhy.vlada", "fields": {"ministr": 84, "rozpocet": 2004}},
 {"pk": 211, "model": "dluhy.vlada", "fields": {"ministr": 85, "rozpocet": 2003}},
 {"pk": 212, "model": "dluhy.vlada", "fields": {"ministr": 85, "rozpocet": 2004}},
 {"pk": 213, "model": "dluhy.vlada", "fields": {"ministr": 40, "rozpocet": 2003}},
 {"pk": 214, "model": "dluhy.vlada", "fields": {"ministr": 40, "rozpocet": 2004}},
 {"pk": 215, "model": "dluhy.vlada", "fields": {"ministr": 61, "rozpocet": 2005}},
 {"pk": 216, "model": "dluhy.vlada", "fields": {"ministr": 78, "rozpocet": 2005}},
 {"pk": 217, "model": "dluhy.vlada", "fields": {"ministr": 86, "rozpocet": 2005}},
 {"pk": 218, "model": "dluhy.vlada", "fields": {"ministr": 85, "rozpocet": 2005}},
 {"pk": 219, "model": "dluhy.vlada", "fields": {"ministr": 79, "rozpocet": 2005}},
 {"pk": 220, "model": "dluhy.vlada", "fields": {"ministr": 87, "rozpocet": 2005}},
 {"pk": 221, "model": "dluhy.vlada", "fields": {"ministr": 26, "rozpocet": 2005}},
 {"pk": 222, "model": "dluhy.vlada", "fields": {"ministr": 74, "rozpocet": 2005}},
 {"pk": 223, "model": "dluhy.vlada", "fields": {"ministr": 45, "rozpocet": 2005}},
 {"pk": 224, "model": "dluhy.vlada", "fields": {"ministr": 88, "rozpocet": 2005}},
 {"pk": 225, "model": "dluhy.vlada", "fields": {"ministr": 83, "rozpocet": 2005}},
 {"pk": 226, "model": "dluhy.vlada", "fields": {"ministr": 89, "rozpocet": 2005}},
 {"pk": 227, "model": "dluhy.vlada", "fields": {"ministr": 58, "rozpocet": 2005}},
 {"pk": 228, "model": "dluhy.vlada", "fields": {"ministr": 76, "rozpocet": 2005}},
 {"pk": 229, "model": "dluhy.vlada", "fields": {"ministr": 80, "rozpocet": 2005}},
 {"pk": 230, "model": "dluhy.vlada", "fields": {"ministr": 84, "rozpocet": 2005}},
 {"pk": 231, "model": "dluhy.vlada", "fields": {"ministr": 40, "rozpocet": 2005}},
 {"pk": 232, "model": "dluhy.vlada", "fields": {"ministr": 55, "rozpocet": 2005}},
 {"pk": 233, "model": "dluhy.vlada", "fields": {"ministr": 88, "rozpocet": 2006}},
 {"pk": 234, "model": "dluhy.vlada", "fields": {"ministr": 74, "rozpocet": 2006}},
 {"pk": 235, "model": "dluhy.vlada", "fields": {"ministr": 78, "rozpocet": 2006}},
 {"pk": 236, "model": "dluhy.vlada", "fields": {"ministr": 85, "rozpocet": 2006}},
 {"pk": 237, "model": "dluhy.vlada", "fields": {"ministr": 79, "rozpocet": 2006}},
 {"pk": 238, "model": "dluhy.vlada", "fields": {"ministr": 45, "rozpocet": 2006}},
 {"pk": 239, "model": "dluhy.vlada", "fields": {"ministr": 26, "rozpocet": 2006}},
 {"pk": 240, "model": "dluhy.vlada", "fields": {"ministr": 87, "rozpocet": 2006}},
 {"pk": 241, "model": "dluhy.vlada", "fields": {"ministr": 76, "rozpocet": 2006}},
 {"pk": 242, "model": "dluhy.vlada", "fields": {"ministr": 92, "rozpocet": 2006}},
 {"pk": 243, "model": "dluhy.vlada", "fields": {"ministr": 93, "rozpocet": 2006}},
 {"pk": 244, "model": "dluhy.vlada", "fields": {"ministr": 83, "rozpocet": 2006}},
 {"pk": 245, "model": "dluhy.vlada", "fields": {"ministr": 84, "rozpocet": 2006}},
 {"pk": 246, "model": "dluhy.vlada", "fields": {"ministr": 94, "rozpocet": 2006}},
 {"pk": 247, "model": "dluhy.vlada", "fields": {"ministr": 95, "rozpocet": 2006}},
 {"pk": 248, "model": "dluhy.vlada", "fields": {"ministr": 96, "rozpocet": 2006}},
 {"pk": 249, "model": "dluhy.vlada", "fields": {"ministr": 97, "rozpocet": 2006}},
 {"pk": 250, "model": "dluhy.vlada", "fields": {"ministr": 98, "rozpocet": 2007}},
 {"pk": 251, "model": "dluhy.vlada", "fields": {"ministr": 99, "rozpocet": 2007}},
 {"pk": 252, "model": "dluhy.vlada", "fields": {"ministr": 100, "rozpocet": 2007}},
 {"pk": 253, "model": "dluhy.vlada", "fields": {"ministr": 101, "rozpocet": 2007}},
 {"pk": 254, "model": "dluhy.vlada", "fields": {"ministr": 102, "rozpocet": 2007}},
 {"pk": 255, "model": "dluhy.vlada", "fields": {"ministr": 103, "rozpocet": 2007}},
 {"pk": 256, "model": "dluhy.vlada", "fields": {"ministr": 104, "rozpocet": 2007}},
 {"pk": 257, "model": "dluhy.vlada", "fields": {"ministr": 30, "rozpocet": 2007}},
 {"pk": 258, "model": "dluhy.vlada", "fields": {"ministr": 105, "rozpocet": 2007}},
 {"pk": 259, "model": "dluhy.vlada", "fields": {"ministr": 106, "rozpocet": 2007}},
 {"pk": 260, "model": "dluhy.vlada", "fields": {"ministr": 107, "rozpocet": 2007}},
 {"pk": 261, "model": "dluhy.vlada", "fields": {"ministr": 108, "rozpocet": 2007}},
 {"pk": 262, "model": "dluhy.vlada", "fields": {"ministr": 109, "rozpocet": 2007}},
 {"pk": 263, "model": "dluhy.vlada", "fields": {"ministr": 110, "rozpocet": 2007}},
 {"pk": 264, "model": "dluhy.vlada", "fields": {"ministr": 111, "rozpocet": 2007}},
 {"pk": 265, "model": "dluhy.vlada", "fields": {"ministr": 98, "rozpocet": 2008}},
 {"pk": 266, "model": "dluhy.vlada", "fields": {"ministr": 98, "rozpocet": 2009}},
 {"pk": 267, "model": "dluhy.vlada", "fields": {"ministr": 112, "rozpocet": 2008}},
 {"pk": 268, "model": "dluhy.vlada", "fields": {"ministr": 112, "rozpocet": 2009}},
 {"pk": 269, "model": "dluhy.vlada", "fields": {"ministr": 37, "rozpocet": 2008}},
 {"pk": 270, "model": "dluhy.vlada", "fields": {"ministr": 37, "rozpocet": 2009}},
 {"pk": 271, "model": "dluhy.vlada", "fields": {"ministr": 99, "rozpocet": 2008}},
 {"pk": 272, "model": "dluhy.vlada", "fields": {"ministr": 99, "rozpocet": 2009}},
 {"pk": 273, "model": "dluhy.vlada", "fields": {"ministr": 101, "rozpocet": 2008}},
 {"pk": 274, "model": "dluhy.vlada", "fields": {"ministr": 101, "rozpocet": 2009}},
 {"pk": 275, "model": "dluhy.vlada", "fields": {"ministr": 100, "rozpocet": 2008}},
 {"pk": 276, "model": "dluhy.vlada", "fields": {"ministr": 100, "rozpocet": 2009}},
 {"pk": 277, "model": "dluhy.vlada", "fields": {"ministr": 113, "rozpocet": 2008}},
 {"pk": 278, "model": "dluhy.vlada", "fields": {"ministr": 113, "rozpocet": 2009}},
 {"pk": 279, "model": "dluhy.vlada", "fields": {"ministr": 27, "rozpocet": 2008}},
 {"pk": 280, "model": "dluhy.vlada", "fields": {"ministr": 27, "rozpocet": 2009}},
 {"pk": 281, "model": "dluhy.vlada", "fields": {"ministr": 30, "rozpocet": 2008}},
 {"pk": 282, "model": "dluhy.vlada", "fields": {"ministr": 30, "rozpocet": 2009}},
 {"pk": 283, "model": "dluhy.vlada", "fields": {"ministr": 106, "rozpocet": 2008}},
 {"pk": 284, "model": "dluhy.vlada", "fields": {"ministr": 106, "rozpocet": 2009}},
 {"pk": 285, "model": "dluhy.vlada", "fields": {"ministr": 111, "rozpocet": 2008}},
 {"pk": 286, "model": "dluhy.vlada", "fields": {"ministr": 111, "rozpocet": 2009}},
 {"pk": 287, "model": "dluhy.vlada", "fields": {"ministr": 115, "rozpocet": 2008}},
 {"pk": 288, "model": "dluhy.vlada", "fields": {"ministr": 115, "rozpocet": 2009}},
 {"pk": 289, "model": "dluhy.vlada", "fields": {"ministr": 117, "rozpocet": 2008}},
 {"pk": 290, "model": "dluhy.vlada", "fields": {"ministr": 117, "rozpocet": 2009}},
 {"pk": 291, "model": "dluhy.vlada", "fields": {"ministr": 104, "rozpocet": 2008}},
 {"pk": 292, "model": "dluhy.vlada", "fields": {"ministr": 104, "rozpocet": 2009}},
 {"pk": 293, "model": "dluhy.vlada", "fields": {"ministr": 110, "rozpocet": 2008}},
 {"pk": 294, "model": "dluhy.vlada", "fields": {"ministr": 110, "rozpocet": 2009}},
 {"pk": 295, "model": "dluhy.vlada", "fields": {"ministr": 119, "rozpocet": 2008}},
 {"pk": 296, "model": "dluhy.vlada", "fields": {"ministr": 119, "rozpocet": 2009}},
 {"pk": 297, "model": "dluhy.vlada", "fields": {"ministr": 45, "rozpocet": 2008}},
 {"pk": 298, "model": "dluhy.vlada", "fields": {"ministr": 45, "rozpocet": 2009}},
 {"pk": 299, "model": "dluhy.vlada", "fields": {"ministr": 122, "rozpocet": 2008}},
 {"pk": 300, "model": "dluhy.vlada", "fields": {"ministr": 122, "rozpocet": 2009}}]
